<?xml version="1.0" encoding="UTF-8"?>
<jcr:root xmlns:sling="http://sling.apache.org/jcr/sling/1.0" xmlns:cq="http://www.day.com/jcr/cq/1.0" xmlns:jcr="http://www.jcp.org/jcr/1.0" xmlns:nt="http://www.jcp.org/jcr/nt/1.0"
    jcr:primaryType="cq:Page">
    <jcr:content
        cq:allowedTemplates="[/conf/core-components-examples/settings/wcm/templates/.*]"
        cq:deviceGroups="[/etc/mobile/groups/responsive]"
        cq:lastModified="{Date}2020-04-13T12:48:41.174+03:00"
        cq:lastModifiedBy="admin"
        cq:template="/conf/core-components-examples/settings/wcm/templates/content-page"
        jcr:primaryType="nt:unstructured"
        jcr:title="Page Authoring"
        sling:redirect="{Boolean}true"
        sling:redirectStatus="{Long}302"
        sling:resourceType="foundation/components/redirect"
        redirectTarget="/content/core-components-examples/library"/>
    <title/>
    <text/>
    <image/>
    <button/>
    <teaser/>
    <download/>
    <list/>
    <experience-fragment/>
    <content-fragment/>
    <content-fragment-list/>
    <embed/>
    <pdf-viewer/>
    <progressbar/>
    <social-sharing/>
    <separator/>
</jcr:root>
