<?xml version="1.0" encoding="UTF-8"?>
<jcr:root xmlns:dc="http://purl.org/dc/elements/1.1/" xmlns:sling="http://sling.apache.org/jcr/sling/1.0" xmlns:dam="http://www.day.com/dam/1.0" xmlns:cq="http://www.day.com/jcr/cq/1.0" xmlns:jcr="http://www.jcp.org/jcr/1.0" xmlns:mix="http://www.jcp.org/jcr/mix/1.0" xmlns:nt="http://www.jcp.org/jcr/nt/1.0"
    jcr:isCheckedOut="{Boolean}true"
    jcr:mixinTypes="[mix:referenceable,mix:versionable]"
    jcr:primaryType="dam:Asset"
    jcr:uuid="1dc36ff7-fbf2-438b-8dce-9e324aaf648b">
    <jcr:content
        cq:name="simple-fragment"
        cq:parentPath="/content/dam/core-components-examples/library/sample-assets"
        dam:assetState="processed"
        jcr:lastModified="{Date}2019-01-22T17:58:25.686+01:00"
        jcr:lastModifiedBy="admin"
        jcr:primaryType="dam:AssetContent"
        jcr:title="Simple Fragment"
        contentFragment="{Boolean}true"
        lastFragmentSave="{Date}2019-01-22T13:26:11.864+01:00">
        <associated
            jcr:primaryType="nt:unstructured"
            sling:resourceType="sling/collection">
            <sling:members jcr:primaryType="nt:unstructured"/>
        </associated>
        <metadata
            dc:format="text/html"
            jcr:mixinTypes="[cq:Taggable]"
            jcr:primaryType="nt:unstructured"/>
        <model
            jcr:description="A simple fragment, containing one single element and no predefined variations"
            jcr:primaryType="nt:unstructured"
            jcr:title="Simple Fragment"
            precreateElements="{Boolean}true"
            version="{Long}2">
            <elements jcr:primaryType="nt:unstructured">
                <main
                    jcr:primaryType="nt:unstructured"
                    jcr:title="Main"
                    defaultContent=""
                    name="main"/>
            </elements>
            <variations jcr:primaryType="nt:unstructured">
                <short
                    jcr:description="Short text variation, suitable for mobile apps or devices."
                    jcr:primaryType="nt:unstructured"
                    jcr:title="Short"
                    name="short">
                    <properties
                        jcr:primaryType="nt:unstructured"
                        synchronizeWithVersion="[main:8ca00ae2-6e7d-4b0e-a702-b86870d4bb76]"/>
                </short>
            </variations>
        </model>
        <related jcr:primaryType="nt:unstructured"/>
    </jcr:content>
</jcr:root>
